35046f2d-cc7d-11ec-a677-e0db55cfbc1d.jpg,['LR33 TEB']
c76f652a-cc7e-11ec-adc0-e0db55cfbc1d.jpg,['R33 TEE']
0080a1ea-cc80-11ec-ace3-e0db55cfbc1d.jpg,['R33 TEB']
46b0041f-cc80-11ec-bb48-e0db55cfbc1d.jpg,['R33 TEB']
afdc86aa-cc80-11ec-817a-e0db55cfbc1d.jpg,['BADA']
8093a8ec-cc81-11ec-aae0-e0db55cfbc1d.jpg,['H4231']
263c641d-cc82-11ec-bbd5-e0db55cfbc1d.jpg,"['aad', '0/65 ,']"
4db39200-cc82-11ec-8ad5-e0db55cfbc1d.jpg,"['AND', 'OX6s']"
645bcaaf-cc82-11ec-8feb-e0db55cfbc1d.jpg,"['AND', 'OX65']"
76837a0b-cc83-11ec-9e77-e0db55cfbc1d.jpg,['6526 JHD']
d32ee687-cc83-11ec-80e4-e0db55cfbc1d.jpg,['HhL8cC2L26']
f9ee10e5-cc83-11ec-9b18-e0db55cfbc1d.jpg,['MKLeCC2L26']
3135830f-cc84-11ec-916f-e0db55cfbc1d.jpg,['MhLBCC2L26]']
447acb86-cc84-11ec-829e-e0db55cfbc1d.jpg,['MHLBCC2L26']
577b8ac7-cc84-11ec-b720-e0db55cfbc1d.jpg,['NH8CC2426']
7d5d6f29-cc84-11ec-b972-e0db55cfbc1d.jpg,['MHLBCC2426']
9b7f9af9-cc84-11ec-ad66-e0db55cfbc1d.jpg,['HhLecC2 L26']
c2518b91-cc84-11ec-9eda-e0db55cfbc1d.jpg,['MhL8cC2 L26']
b6e5b23e-cc85-11ec-9058-e0db55cfbc1d.jpg,['MHLBCC2L26']
7c06c790-cc86-11ec-a598-e0db55cfbc1d.jpg,['MHLBCC2 L26|']
ab17305f-cc88-11ec-b3e0-e0db55cfbc1d.jpg,['MHLBCC2 426']
3bdcbae4-cc8f-11ec-98b2-e0db55cfbc1d.jpg,['IEczLz0']
bf8b8500-cc8f-11ec-b4b2-e0db55cfbc1d.jpg,['MhL8CC2L26]']
debecc6b-cc91-11ec-a28c-e0db55cfbc1d.jpg,['MhL8CC2L26']
fc775987-cc93-11ec-b643-e0db55cfbc1d.jpg,['MhL8cC2L26']
27c437ab-cc95-11ec-9da0-e0db55cfbc1d.jpg,['NhLecCZZE']
cb031882-cc95-11ec-94f2-e0db55cfbc1d.jpg,['T']
165be5b3-cc96-11ec-b2ec-e0db55cfbc1d.jpg,['HHL8CC2L26]']
5e103455-cc96-11ec-90f9-e0db55cfbc1d.jpg,['NhL8Cc2L26']
abe99ffb-cc96-11ec-a4c3-e0db55cfbc1d.jpg,['MHLBCC2L26']
fbb94a1e-cc96-11ec-928c-e0db55cfbc1d.jpg,['0cc2426']
12014486-cc97-11ec-872f-e0db55cfbc1d.jpg,['MHL8CC2426']
844d830d-cc97-11ec-8780-e0db55cfbc1d.jpg,['HH42 DE1433']
b7ea8024-cc97-11ec-b819-e0db55cfbc1d.jpg,['HHI2DE1433']
4172fec7-cc99-11ec-9ba5-e0db55cfbc1d.jpg,['MHI2DE1433']
c505a87e-cc99-11ec-ae58-e0db55cfbc1d.jpg,['HHI2DE1433']
dd4cd521-cc9a-11ec-a42c-e0db55cfbc1d.jpg,['HHI2 DE1433']
de790853-cc9b-11ec-9674-e0db55cfbc1d.jpg,['MHI2DE1433']
4affbf7b-ccf3-11ec-9d0c-e0db55cfbc1d.jpg,['HHIZDE1433']
62732493-ccf3-11ec-83e8-e0db55cfbc1d.jpg,['HHI2DE1433']
e1c91c1a-ccf3-11ec-ae28-e0db55cfbc1d.jpg,['Jccl']
31f88756-ccf4-11ec-9a21-e0db55cfbc1d.jpg,['2426']
6717f9d2-ccf4-11ec-8626-e0db55cfbc1d.jpg,['Whlecg2429']
c3b5b9f9-ccfa-11ec-b1c7-e0db55cfbc1d.jpg,['MHA2DE4433']
5a43bcf2-ccfb-11ec-b12e-e0db55cfbc1d.jpg,['HhL8CC2L26 ']
74baaedf-ccfb-11ec-8367-e0db55cfbc1d.jpg,['MhLecc2L26']
49dfa618-ccfc-11ec-9574-e0db55cfbc1d.jpg,['Lr33 TEE']
6891c0c5-ccfc-11ec-a262-e0db55cfbc1d.jpg,['0H12 DE1433']
c2f36204-ccfc-11ec-83b2-e0db55cfbc1d.jpg,['HR26DO555]']
62ef062b-ccfe-11ec-b456-e0db55cfbc1d.jpg,['BAD 231']
1a74dd2a-ccff-11ec-9e5d-e0db55cfbc1d.jpg,['BAD 231']
d0460086-cd00-11ec-a531-e0db55cfbc1d.jpg,['Mhi8 AC 1666']
4f0c73c9-cd01-11ec-b5fd-e0db55cfbc1d.jpg,['MH 48 AK 6973']
83649261-cd01-11ec-a20c-e0db55cfbc1d.jpg,"['MH48', 'AC 1666']"
7bb68ce9-cd02-11ec-b406-e0db55cfbc1d.jpg,['Mh4b AC 1666']
147645ea-cd03-11ec-8c3a-e0db55cfbc1d.jpg,"['Kh48', 'LC 1666']"
12817597-cd04-11ec-b30a-e0db55cfbc1d.jpg,"[""'44"", 'LC 1666']"
332c7ddd-cd04-11ec-a85d-e0db55cfbc1d.jpg,"['MH48', '1666', 'AC']"
84d7f908-cd04-11ec-824a-e0db55cfbc1d.jpg,['Mh4b AC 1666']
e6565780-cd04-11ec-899d-e0db55cfbc1d.jpg,['NhL8CC2L26 ']
fd32432b-cd0e-11ec-a6b2-e0db55cfbc1d.jpg,['HHLBCC2L26']
c29258fa-cd0f-11ec-998e-e0db55cfbc1d.jpg,['MH 48 AK 6973']
