e1cbd443-c153-11ec-b629-e0db55cfbc1d.jpg,['DZI7 YXR']
6133bc18-c154-11ec-9a3b-e0db55cfbc1d.jpg,['DZI7 YXR']
8e3f9529-cc69-11ec-84ea-e0db55cfbc1d.jpg,['DZI7 YXR']
2dd97722-cc6a-11ec-b7d0-e0db55cfbc1d.jpg,['DZI7 YXR']
949d640b-cc6b-11ec-9ff6-e0db55cfbc1d.jpg,['DZI7 YXR']
9fda232b-cc6b-11ec-95d8-e0db55cfbc1d.jpg,['DZI7 YXR']
a9d06bd8-cc6b-11ec-a62b-e0db55cfbc1d.jpg,['DZI7 YXR']
b64aefa2-cc6b-11ec-9ee3-e0db55cfbc1d.jpg,['DZI7 YXR']
c3c1a123-cc6b-11ec-a00d-e0db55cfbc1d.jpg,['DZI7 YXR']
886cd891-cc77-11ec-89b3-e0db55cfbc1d.jpg,['DZI7 YXR']
0052c1c2-cc78-11ec-b213-e0db55cfbc1d.jpg,['DZI7 YXR']
8d325a70-cc79-11ec-9067-e0db55cfbc1d.jpg,['DZI7 YXR']
84fce48a-cc7a-11ec-a260-e0db55cfbc1d.jpg,['DZI7 YXR']
3c8c2076-cc7c-11ec-8dc6-e0db55cfbc1d.jpg,['DZI7 YXR']
